id,JAX00079558,TW,inferred
65804,H,48,0
64338,H,51,0
65866,H,55,0
55670,H,56,0
65806,H,59,0
41603,H,59,0
65825,H,61,0
65823,H,61,0
44921,H,61,0
64617,H,63,0
55505,H,63,0
55373,H,65,0
43449,H,67,0
65805,H,69,0
55677,H,70,0
55369,H,70,0
55444,H,71,0
65827,H,80,0
41605,H,81,0
55676,H,83,0
65837,H,85,0
64846,H,85,0
64368,H,86,0
64250,H,88,0
65839,H,89,0
65830,H,89,0
55376,H,93,0
64514,H,94,0
64485,H,94,0
64615,H,96,0
55510,H,101,0
64040,H,102,0
65832,H,103,0
64510,H,103,0
65818,H,105,0
43433,H,107,0
65824,H,109,0
64095,H,112,0
41612,H,112,0
41606,H,114,0
55502,H,115,0
64568,H,116,0
64035,H,116,0
43447,H,117,0
65854,H,127,0
41611,H,128,0
65849,H,132,0
64616,H,134,0
55740,H,134,0
64515,H,135,0
64848,H,137,0
65819,H,143,0
55739,H,144,0
64671,H,145,0
64847,H,146,0
41620,H,160,0
65860,P,68,0
55509,P,71,0
55424,P,84,0
65838,P,86,0
64673,P,87,0
55426,P,87,0
65833,P,90,0
64768,P,96,0
64256,P,98,0
43450,P,99,0
41621,P,100,0
64039,P,101,0
44720,P,101,0
43446,P,103,0
64333,P,105,1
64331,P,107,0
65865,P,110,0
64821,P,110,0
55381,P,118,0
55678,P,118,0
65829,P,121,0
44915,P,124,0
55675,P,125,0
65822,P,128,0
65802,P,129,0
64258,P,130,0
43451,P,130,0
66812,P,135,0
55508,P,138,0
65868,P,139,0
55674,P,140,0
65817,P,140,0
64366,P,140,0
65846,P,145,0
55741,P,145,0
65863,P,146,0
65841,P,148,0
65835,P,150,0
65803,P,152,0
64570,P,153,0
55506,P,153,0
55378,P,156,0
55609,P,160,0
55672,P,166,0
41617,P,187,0
65843,P,189,0
